from,to,intensity
2026-05-12T23:30Z,2026-05-13T00:00Z,"{'forecast': 90, 'actual': 76, 'index': 'low'}"
2026-05-13T00:00Z,2026-05-13T00:30Z,"{'forecast': 71, 'actual': 77, 'index': 'low'}"
2026-05-13T00:30Z,2026-05-13T01:00Z,"{'forecast': 76, 'actual': 79, 'index': 'low'}"
2026-05-13T01:00Z,2026-05-13T01:30Z,"{'forecast': 76, 'actual': 83, 'index': 'low'}"
2026-05-13T01:30Z,2026-05-13T02:00Z,"{'forecast': 76, 'actual': 81, 'index': 'low'}"
2026-05-13T02:00Z,2026-05-13T02:30Z,"{'forecast': 79, 'actual': 75, 'index': 'low'}"
2026-05-13T02:30Z,2026-05-13T03:00Z,"{'forecast': 79, 'actual': 80, 'index': 'low'}"
2026-05-13T03:00Z,2026-05-13T03:30Z,"{'forecast': 72, 'actual': 80, 'index': 'low'}"
2026-05-13T03:30Z,2026-05-13T04:00Z,"{'forecast': 74, 'actual': 86, 'index': 'low'}"
2026-05-13T04:00Z,2026-05-13T04:30Z,"{'forecast': 75, 'actual': 83, 'index': 'low'}"
2026-05-13T04:30Z,2026-05-13T05:00Z,"{'forecast': 80, 'actual': 85, 'index': 'low'}"
2026-05-13T05:00Z,2026-05-13T05:30Z,"{'forecast': 75, 'actual': 102, 'index': 'moderate'}"
2026-05-13T05:30Z,2026-05-13T06:00Z,"{'forecast': 78, 'actual': 102, 'index': 'moderate'}"
2026-05-13T06:00Z,2026-05-13T06:30Z,"{'forecast': 84, 'actual': 100, 'index': 'moderate'}"
2026-05-13T06:30Z,2026-05-13T07:00Z,"{'forecast': 87, 'actual': 87, 'index': 'low'}"
2026-05-13T07:00Z,2026-05-13T07:30Z,"{'forecast': 84, 'actual': 83, 'index': 'low'}"
2026-05-13T07:30Z,2026-05-13T08:00Z,"{'forecast': 79, 'actual': 82, 'index': 'low'}"
2026-05-13T08:00Z,2026-05-13T08:30Z,"{'forecast': 73, 'actual': 78, 'index': 'low'}"
2026-05-13T08:30Z,2026-05-13T09:00Z,"{'forecast': 72, 'actual': 78, 'index': 'low'}"
2026-05-13T09:00Z,2026-05-13T09:30Z,"{'forecast': 69, 'actual': 83, 'index': 'low'}"
2026-05-13T09:30Z,2026-05-13T10:00Z,"{'forecast': 68, 'actual': 81, 'index': 'low'}"
2026-05-13T10:00Z,2026-05-13T10:30Z,"{'forecast': 69, 'actual': 81, 'index': 'low'}"
2026-05-13T10:30Z,2026-05-13T11:00Z,"{'forecast': 73, 'actual': 80, 'index': 'low'}"
2026-05-13T11:00Z,2026-05-13T11:30Z,"{'forecast': 71, 'actual': 78, 'index': 'low'}"
2026-05-13T11:30Z,2026-05-13T12:00Z,"{'forecast': 66, 'actual': 79, 'index': 'low'}"
2026-05-13T12:00Z,2026-05-13T12:30Z,"{'forecast': 73, 'actual': 82, 'index': 'low'}"
2026-05-13T12:30Z,2026-05-13T13:00Z,"{'forecast': 74, 'actual': 79, 'index': 'low'}"
2026-05-13T13:00Z,2026-05-13T13:30Z,"{'forecast': 80, 'actual': 84, 'index': 'low'}"
2026-05-13T13:30Z,2026-05-13T14:00Z,"{'forecast': 73, 'actual': 90, 'index': 'moderate'}"
2026-05-13T14:00Z,2026-05-13T14:30Z,"{'forecast': 74, 'actual': 97, 'index': 'moderate'}"
2026-05-13T14:30Z,2026-05-13T15:00Z,"{'forecast': 84, 'actual': 106, 'index': 'moderate'}"
2026-05-13T15:00Z,2026-05-13T15:30Z,"{'forecast': 93, 'actual': 116, 'index': 'moderate'}"
2026-05-13T15:30Z,2026-05-13T16:00Z,"{'forecast': 103, 'actual': 132, 'index': 'moderate'}"
2026-05-13T16:00Z,2026-05-13T16:30Z,"{'forecast': 119, 'actual': 145, 'index': 'moderate'}"
2026-05-13T16:30Z,2026-05-13T17:00Z,"{'forecast': 129, 'actual': 149, 'index': 'moderate'}"
2026-05-13T17:00Z,2026-05-13T17:30Z,"{'forecast': 142, 'actual': 162, 'index': 'moderate'}"
2026-05-13T17:30Z,2026-05-13T18:00Z,"{'forecast': 158, 'actual': 163, 'index': 'moderate'}"
2026-05-13T18:00Z,2026-05-13T18:30Z,"{'forecast': 161, 'actual': 165, 'index': 'moderate'}"
2026-05-13T18:30Z,2026-05-13T19:00Z,"{'forecast': 172, 'actual': 163, 'index': 'moderate'}"
2026-05-13T19:00Z,2026-05-13T19:30Z,"{'forecast': 177, 'actual': 164, 'index': 'moderate'}"
2026-05-13T19:30Z,2026-05-13T20:00Z,"{'forecast': 167, 'actual': 166, 'index': 'moderate'}"
2026-05-13T20:00Z,2026-05-13T20:30Z,"{'forecast': 174, 'actual': 163, 'index': 'moderate'}"
2026-05-13T20:30Z,2026-05-13T21:00Z,"{'forecast': 173, 'actual': 167, 'index': 'moderate'}"
2026-05-13T21:00Z,2026-05-13T21:30Z,"{'forecast': 155, 'actual': 161, 'index': 'moderate'}"
2026-05-13T21:30Z,2026-05-13T22:00Z,"{'forecast': 162, 'actual': 132, 'index': 'moderate'}"
2026-05-13T22:00Z,2026-05-13T22:30Z,"{'forecast': 156, 'actual': 115, 'index': 'moderate'}"
2026-05-13T22:30Z,2026-05-13T23:00Z,"{'forecast': 128, 'actual': 104, 'index': 'moderate'}"
2026-05-13T23:00Z,2026-05-13T23:30Z,"{'forecast': 123, 'actual': 92, 'index': 'moderate'}"
2026-05-13T23:30Z,2026-05-14T00:00Z,"{'forecast': 122, 'actual': 92, 'index': 'moderate'}"
2026-05-14T00:00Z,2026-05-14T00:30Z,"{'forecast': 93, 'actual': 94, 'index': 'moderate'}"
2026-05-14T00:30Z,2026-05-14T01:00Z,"{'forecast': 90, 'actual': 87, 'index': 'low'}"
2026-05-14T01:00Z,2026-05-14T01:30Z,"{'forecast': 94, 'actual': 89, 'index': 'low'}"
2026-05-14T01:30Z,2026-05-14T02:00Z,"{'forecast': 90, 'actual': 88, 'index': 'low'}"
2026-05-14T02:00Z,2026-05-14T02:30Z,"{'forecast': 85, 'actual': 92, 'index': 'moderate'}"
2026-05-14T02:30Z,2026-05-14T03:00Z,"{'forecast': 86, 'actual': 91, 'index': 'moderate'}"
2026-05-14T03:00Z,2026-05-14T03:30Z,"{'forecast': 90, 'actual': 89, 'index': 'low'}"
2026-05-14T03:30Z,2026-05-14T04:00Z,"{'forecast': 87, 'actual': 86, 'index': 'low'}"
2026-05-14T04:00Z,2026-05-14T04:30Z,"{'forecast': 89, 'actual': 94, 'index': 'moderate'}"
2026-05-14T04:30Z,2026-05-14T05:00Z,"{'forecast': 89, 'actual': 91, 'index': 'moderate'}"
2026-05-14T05:00Z,2026-05-14T05:30Z,"{'forecast': 88, 'actual': 107, 'index': 'moderate'}"
2026-05-14T05:30Z,2026-05-14T06:00Z,"{'forecast': 89, 'actual': 114, 'index': 'moderate'}"
2026-05-14T06:00Z,2026-05-14T06:30Z,"{'forecast': 97, 'actual': 111, 'index': 'moderate'}"
2026-05-14T06:30Z,2026-05-14T07:00Z,"{'forecast': 97, 'actual': 104, 'index': 'moderate'}"
2026-05-14T07:00Z,2026-05-14T07:30Z,"{'forecast': 98, 'actual': 102, 'index': 'moderate'}"
2026-05-14T07:30Z,2026-05-14T08:00Z,"{'forecast': 92, 'actual': 100, 'index': 'moderate'}"
2026-05-14T08:00Z,2026-05-14T08:30Z,"{'forecast': 90, 'actual': 91, 'index': 'moderate'}"
2026-05-14T08:30Z,2026-05-14T09:00Z,"{'forecast': 93, 'actual': 80, 'index': 'low'}"
2026-05-14T09:00Z,2026-05-14T09:30Z,"{'forecast': 90, 'actual': 77, 'index': 'low'}"
2026-05-14T09:30Z,2026-05-14T10:00Z,"{'forecast': 77, 'actual': 69, 'index': 'low'}"
2026-05-14T10:00Z,2026-05-14T10:30Z,"{'forecast': 72, 'actual': 65, 'index': 'low'}"
2026-05-14T10:30Z,2026-05-14T11:00Z,"{'forecast': 64, 'actual': 67, 'index': 'low'}"
2026-05-14T11:00Z,2026-05-14T11:30Z,"{'forecast': 61, 'actual': 64, 'index': 'low'}"
2026-05-14T11:30Z,2026-05-14T12:00Z,"{'forecast': 61, 'actual': 61, 'index': 'low'}"
2026-05-14T12:00Z,2026-05-14T12:30Z,"{'forecast': 55, 'actual': 58, 'index': 'low'}"
2026-05-14T12:30Z,2026-05-14T13:00Z,"{'forecast': 55, 'actual': 57, 'index': 'low'}"
2026-05-14T13:00Z,2026-05-14T13:30Z,"{'forecast': 54, 'actual': 61, 'index': 'low'}"
2026-05-14T13:30Z,2026-05-14T14:00Z,"{'forecast': 54, 'actual': 70, 'index': 'low'}"
2026-05-14T14:00Z,2026-05-14T14:30Z,"{'forecast': 58, 'actual': 69, 'index': 'low'}"
2026-05-14T14:30Z,2026-05-14T15:00Z,"{'forecast': 74, 'actual': 69, 'index': 'low'}"
2026-05-14T15:00Z,2026-05-14T15:30Z,"{'forecast': 70, 'actual': 83, 'index': 'low'}"
2026-05-14T15:30Z,2026-05-14T16:00Z,"{'forecast': 72, 'actual': 100, 'index': 'moderate'}"
2026-05-14T16:00Z,2026-05-14T16:30Z,"{'forecast': 82, 'actual': 113, 'index': 'moderate'}"
2026-05-14T16:30Z,2026-05-14T17:00Z,"{'forecast': 106, 'actual': 130, 'index': 'moderate'}"
2026-05-14T17:00Z,2026-05-14T17:30Z,"{'forecast': 114, 'actual': 138, 'index': 'moderate'}"
2026-05-14T17:30Z,2026-05-14T18:00Z,"{'forecast': 131, 'actual': 147, 'index': 'moderate'}"
2026-05-14T18:00Z,2026-05-14T18:30Z,"{'forecast': 138, 'actual': 154, 'index': 'moderate'}"
2026-05-14T18:30Z,2026-05-14T19:00Z,"{'forecast': 152, 'actual': 159, 'index': 'moderate'}"
2026-05-14T19:00Z,2026-05-14T19:30Z,"{'forecast': 153, 'actual': 164, 'index': 'moderate'}"
2026-05-14T19:30Z,2026-05-14T20:00Z,"{'forecast': 165, 'actual': 165, 'index': 'moderate'}"
2026-05-14T20:00Z,2026-05-14T20:30Z,"{'forecast': 160, 'actual': 163, 'index': 'moderate'}"
2026-05-14T20:30Z,2026-05-14T21:00Z,"{'forecast': 164, 'actual': 169, 'index': 'moderate'}"
2026-05-14T21:00Z,2026-05-14T21:30Z,"{'forecast': 158, 'actual': 162, 'index': 'moderate'}"
2026-05-14T21:30Z,2026-05-14T22:00Z,"{'forecast': 160, 'actual': 151, 'index': 'moderate'}"
2026-05-14T22:00Z,2026-05-14T22:30Z,"{'forecast': 156, 'actual': 139, 'index': 'moderate'}"
2026-05-14T22:30Z,2026-05-14T23:00Z,"{'forecast': 151, 'actual': 129, 'index': 'moderate'}"
2026-05-14T23:00Z,2026-05-14T23:30Z,"{'forecast': 143, 'actual': 118, 'index': 'moderate'}"
2026-05-14T23:30Z,2026-05-15T00:00Z,"{'forecast': 135, 'actual': 110, 'index': 'moderate'}"
2026-05-15T00:00Z,2026-05-15T00:30Z,"{'forecast': 119, 'actual': 98, 'index': 'moderate'}"
2026-05-15T00:30Z,2026-05-15T01:00Z,"{'forecast': 111, 'actual': 91, 'index': 'moderate'}"
2026-05-15T01:00Z,2026-05-15T01:30Z,"{'forecast': 102, 'actual': 90, 'index': 'moderate'}"
2026-05-15T01:30Z,2026-05-15T02:00Z,"{'forecast': 93, 'actual': 91, 'index': 'moderate'}"
2026-05-15T02:00Z,2026-05-15T02:30Z,"{'forecast': 91, 'actual': 89, 'index': 'low'}"
2026-05-15T02:30Z,2026-05-15T03:00Z,"{'forecast': 84, 'actual': 88, 'index': 'low'}"
2026-05-15T03:00Z,2026-05-15T03:30Z,"{'forecast': 87, 'actual': 91, 'index': 'moderate'}"
2026-05-15T03:30Z,2026-05-15T04:00Z,"{'forecast': 90, 'actual': 93, 'index': 'moderate'}"
2026-05-15T04:00Z,2026-05-15T04:30Z,"{'forecast': 92, 'actual': 88, 'index': 'low'}"
2026-05-15T04:30Z,2026-05-15T05:00Z,"{'forecast': 90, 'actual': 95, 'index': 'moderate'}"
2026-05-15T05:00Z,2026-05-15T05:30Z,"{'forecast': 87, 'actual': 101, 'index': 'moderate'}"
2026-05-15T05:30Z,2026-05-15T06:00Z,"{'forecast': 87, 'actual': 93, 'index': 'moderate'}"
2026-05-15T06:00Z,2026-05-15T06:30Z,"{'forecast': 95, 'actual': 94, 'index': 'moderate'}"
2026-05-15T06:30Z,2026-05-15T07:00Z,"{'forecast': 86, 'actual': 84, 'index': 'low'}"
2026-05-15T07:00Z,2026-05-15T07:30Z,"{'forecast': 87, 'actual': 77, 'index': 'low'}"
2026-05-15T07:30Z,2026-05-15T08:00Z,"{'forecast': 77, 'actual': 71, 'index': 'low'}"
2026-05-15T08:00Z,2026-05-15T08:30Z,"{'forecast': 69, 'actual': 64, 'index': 'low'}"
2026-05-15T08:30Z,2026-05-15T09:00Z,"{'forecast': 65, 'actual': 62, 'index': 'low'}"
2026-05-15T09:00Z,2026-05-15T09:30Z,"{'forecast': 58, 'actual': 60, 'index': 'low'}"
2026-05-15T09:30Z,2026-05-15T10:00Z,"{'forecast': 52, 'actual': 61, 'index': 'low'}"
2026-05-15T10:00Z,2026-05-15T10:30Z,"{'forecast': 51, 'actual': 58, 'index': 'low'}"
2026-05-15T10:30Z,2026-05-15T11:00Z,"{'forecast': 55, 'actual': 57, 'index': 'low'}"
2026-05-15T11:00Z,2026-05-15T11:30Z,"{'forecast': 55, 'actual': 58, 'index': 'low'}"
2026-05-15T11:30Z,2026-05-15T12:00Z,"{'forecast': 50, 'actual': 61, 'index': 'low'}"
2026-05-15T12:00Z,2026-05-15T12:30Z,"{'forecast': 50, 'actual': 61, 'index': 'low'}"
2026-05-15T12:30Z,2026-05-15T13:00Z,"{'forecast': 58, 'actual': 59, 'index': 'low'}"
2026-05-15T13:00Z,2026-05-15T13:30Z,"{'forecast': 58, 'actual': 59, 'index': 'low'}"
2026-05-15T13:30Z,2026-05-15T14:00Z,"{'forecast': 57, 'actual': 62, 'index': 'low'}"
2026-05-15T14:00Z,2026-05-15T14:30Z,"{'forecast': 58, 'actual': 66, 'index': 'low'}"
2026-05-15T14:30Z,2026-05-15T15:00Z,"{'forecast': 63, 'actual': 70, 'index': 'low'}"
2026-05-15T15:00Z,2026-05-15T15:30Z,"{'forecast': 67, 'actual': 83, 'index': 'low'}"
2026-05-15T15:30Z,2026-05-15T16:00Z,"{'forecast': 72, 'actual': 98, 'index': 'moderate'}"
2026-05-15T16:00Z,2026-05-15T16:30Z,"{'forecast': 89, 'actual': 115, 'index': 'moderate'}"
2026-05-15T16:30Z,2026-05-15T17:00Z,"{'forecast': 95, 'actual': 129, 'index': 'moderate'}"
2026-05-15T17:00Z,2026-05-15T17:30Z,"{'forecast': 126, 'actual': 139, 'index': 'moderate'}"
2026-05-15T17:30Z,2026-05-15T18:00Z,"{'forecast': 137, 'actual': 144, 'index': 'moderate'}"
2026-05-15T18:00Z,2026-05-15T18:30Z,"{'forecast': 146, 'actual': 153, 'index': 'moderate'}"
2026-05-15T18:30Z,2026-05-15T19:00Z,"{'forecast': 164, 'actual': 163, 'index': 'moderate'}"
2026-05-15T19:00Z,2026-05-15T19:30Z,"{'forecast': 174, 'actual': 169, 'index': 'moderate'}"
2026-05-15T19:30Z,2026-05-15T20:00Z,"{'forecast': 177, 'actual': 163, 'index': 'moderate'}"
2026-05-15T20:00Z,2026-05-15T20:30Z,"{'forecast': 170, 'actual': 161, 'index': 'moderate'}"
2026-05-15T20:30Z,2026-05-15T21:00Z,"{'forecast': 167, 'actual': 169, 'index': 'moderate'}"
2026-05-15T21:00Z,2026-05-15T21:30Z,"{'forecast': 163, 'actual': 169, 'index': 'moderate'}"
2026-05-15T21:30Z,2026-05-15T22:00Z,"{'forecast': 164, 'actual': 157, 'index': 'moderate'}"
2026-05-15T22:00Z,2026-05-15T22:30Z,"{'forecast': 156, 'actual': 149, 'index': 'moderate'}"
2026-05-15T22:30Z,2026-05-15T23:00Z,"{'forecast': 152, 'actual': 157, 'index': 'moderate'}"
2026-05-15T23:00Z,2026-05-15T23:30Z,"{'forecast': 145, 'actual': 154, 'index': 'moderate'}"
2026-05-15T23:30Z,2026-05-16T00:00Z,"{'forecast': 141, 'actual': 153, 'index': 'moderate'}"
2026-05-16T00:00Z,2026-05-16T00:30Z,"{'forecast': 153, 'actual': 153, 'index': 'moderate'}"
2026-05-16T00:30Z,2026-05-16T01:00Z,"{'forecast': 151, 'actual': 150, 'index': 'moderate'}"
2026-05-16T01:00Z,2026-05-16T01:30Z,"{'forecast': 160, 'actual': 150, 'index': 'moderate'}"
2026-05-16T01:30Z,2026-05-16T02:00Z,"{'forecast': 154, 'actual': 146, 'index': 'moderate'}"
2026-05-16T02:00Z,2026-05-16T02:30Z,"{'forecast': 156, 'actual': 140, 'index': 'moderate'}"
2026-05-16T02:30Z,2026-05-16T03:00Z,"{'forecast': 151, 'actual': 138, 'index': 'moderate'}"
2026-05-16T03:00Z,2026-05-16T03:30Z,"{'forecast': 144, 'actual': 142, 'index': 'moderate'}"
2026-05-16T03:30Z,2026-05-16T04:00Z,"{'forecast': 132, 'actual': 142, 'index': 'moderate'}"
2026-05-16T04:00Z,2026-05-16T04:30Z,"{'forecast': 134, 'actual': 137, 'index': 'moderate'}"
2026-05-16T04:30Z,2026-05-16T05:00Z,"{'forecast': 155, 'actual': 142, 'index': 'moderate'}"
2026-05-16T05:00Z,2026-05-16T05:30Z,"{'forecast': 144, 'actual': 144, 'index': 'moderate'}"
2026-05-16T05:30Z,2026-05-16T06:00Z,"{'forecast': 146, 'actual': 146, 'index': 'moderate'}"
2026-05-16T06:00Z,2026-05-16T06:30Z,"{'forecast': 145, 'actual': 149, 'index': 'moderate'}"
2026-05-16T06:30Z,2026-05-16T07:00Z,"{'forecast': 156, 'actual': 148, 'index': 'moderate'}"
2026-05-16T07:00Z,2026-05-16T07:30Z,"{'forecast': 155, 'actual': 141, 'index': 'moderate'}"
2026-05-16T07:30Z,2026-05-16T08:00Z,"{'forecast': 152, 'actual': 136, 'index': 'moderate'}"
2026-05-16T08:00Z,2026-05-16T08:30Z,"{'forecast': 148, 'actual': 129, 'index': 'moderate'}"
2026-05-16T08:30Z,2026-05-16T09:00Z,"{'forecast': 140, 'actual': 130, 'index': 'moderate'}"
2026-05-16T09:00Z,2026-05-16T09:30Z,"{'forecast': 132, 'actual': 133, 'index': 'moderate'}"
2026-05-16T09:30Z,2026-05-16T10:00Z,"{'forecast': 135, 'actual': 134, 'index': 'moderate'}"
2026-05-16T10:00Z,2026-05-16T10:30Z,"{'forecast': 137, 'actual': 134, 'index': 'moderate'}"
2026-05-16T10:30Z,2026-05-16T11:00Z,"{'forecast': 134, 'actual': 135, 'index': 'moderate'}"
2026-05-16T11:00Z,2026-05-16T11:30Z,"{'forecast': 137, 'actual': 135, 'index': 'moderate'}"
2026-05-16T11:30Z,2026-05-16T12:00Z,"{'forecast': 134, 'actual': 137, 'index': 'moderate'}"
2026-05-16T12:00Z,2026-05-16T12:30Z,"{'forecast': 135, 'actual': 138, 'index': 'moderate'}"
2026-05-16T12:30Z,2026-05-16T13:00Z,"{'forecast': 139, 'actual': 139, 'index': 'moderate'}"
2026-05-16T13:00Z,2026-05-16T13:30Z,"{'forecast': 140, 'actual': 144, 'index': 'moderate'}"
2026-05-16T13:30Z,2026-05-16T14:00Z,"{'forecast': 140, 'actual': 149, 'index': 'moderate'}"
2026-05-16T14:00Z,2026-05-16T14:30Z,"{'forecast': 146, 'actual': 153, 'index': 'moderate'}"
2026-05-16T14:30Z,2026-05-16T15:00Z,"{'forecast': 151, 'actual': 157, 'index': 'moderate'}"
2026-05-16T15:00Z,2026-05-16T15:30Z,"{'forecast': 162, 'actual': 164, 'index': 'moderate'}"
2026-05-16T15:30Z,2026-05-16T16:00Z,"{'forecast': 164, 'actual': 165, 'index': 'moderate'}"
2026-05-16T16:00Z,2026-05-16T16:30Z,"{'forecast': 169, 'actual': 168, 'index': 'moderate'}"
2026-05-16T16:30Z,2026-05-16T17:00Z,"{'forecast': 169, 'actual': 169, 'index': 'moderate'}"
2026-05-16T17:00Z,2026-05-16T17:30Z,"{'forecast': 173, 'actual': 169, 'index': 'moderate'}"
2026-05-16T17:30Z,2026-05-16T18:00Z,"{'forecast': 170, 'actual': 167, 'index': 'moderate'}"
2026-05-16T18:00Z,2026-05-16T18:30Z,"{'forecast': 174, 'actual': 165, 'index': 'moderate'}"
2026-05-16T18:30Z,2026-05-16T19:00Z,"{'forecast': 173, 'actual': 161, 'index': 'moderate'}"
2026-05-16T19:00Z,2026-05-16T19:30Z,"{'forecast': 169, 'actual': 158, 'index': 'moderate'}"
2026-05-16T19:30Z,2026-05-16T20:00Z,"{'forecast': 166, 'actual': 158, 'index': 'moderate'}"
2026-05-16T20:00Z,2026-05-16T20:30Z,"{'forecast': 161, 'actual': 155, 'index': 'moderate'}"
2026-05-16T20:30Z,2026-05-16T21:00Z,"{'forecast': 161, 'actual': 151, 'index': 'moderate'}"
2026-05-16T21:00Z,2026-05-16T21:30Z,"{'forecast': 153, 'actual': 137, 'index': 'moderate'}"
2026-05-16T21:30Z,2026-05-16T22:00Z,"{'forecast': 147, 'actual': 121, 'index': 'moderate'}"
2026-05-16T22:00Z,2026-05-16T22:30Z,"{'forecast': 122, 'actual': 112, 'index': 'moderate'}"
2026-05-16T22:30Z,2026-05-16T23:00Z,"{'forecast': 117, 'actual': 110, 'index': 'moderate'}"
2026-05-16T23:00Z,2026-05-16T23:30Z,"{'forecast': 109, 'actual': 108, 'index': 'moderate'}"
2026-05-16T23:30Z,2026-05-17T00:00Z,"{'forecast': 102, 'actual': 101, 'index': 'moderate'}"
2026-05-17T00:00Z,2026-05-17T00:30Z,"{'forecast': 104, 'actual': 95, 'index': 'moderate'}"
2026-05-17T00:30Z,2026-05-17T01:00Z,"{'forecast': 102, 'actual': 90, 'index': 'moderate'}"
2026-05-17T01:00Z,2026-05-17T01:30Z,"{'forecast': 97, 'actual': 89, 'index': 'low'}"
2026-05-17T01:30Z,2026-05-17T02:00Z,"{'forecast': 94, 'actual': 91, 'index': 'moderate'}"
2026-05-17T02:00Z,2026-05-17T02:30Z,"{'forecast': 91, 'actual': 93, 'index': 'moderate'}"
2026-05-17T02:30Z,2026-05-17T03:00Z,"{'forecast': 95, 'actual': 98, 'index': 'moderate'}"
2026-05-17T03:00Z,2026-05-17T03:30Z,"{'forecast': 97, 'actual': 100, 'index': 'moderate'}"
2026-05-17T03:30Z,2026-05-17T04:00Z,"{'forecast': 100, 'actual': 108, 'index': 'moderate'}"
2026-05-17T04:00Z,2026-05-17T04:30Z,"{'forecast': 96, 'actual': 101, 'index': 'moderate'}"
2026-05-17T04:30Z,2026-05-17T05:00Z,"{'forecast': 99, 'actual': 91, 'index': 'moderate'}"
2026-05-17T05:00Z,2026-05-17T05:30Z,"{'forecast': 102, 'actual': 89, 'index': 'low'}"
2026-05-17T05:30Z,2026-05-17T06:00Z,"{'forecast': 86, 'actual': 86, 'index': 'low'}"
2026-05-17T06:00Z,2026-05-17T06:30Z,"{'forecast': 85, 'actual': 81, 'index': 'low'}"
2026-05-17T06:30Z,2026-05-17T07:00Z,"{'forecast': 77, 'actual': 84, 'index': 'low'}"
2026-05-17T07:00Z,2026-05-17T07:30Z,"{'forecast': 80, 'actual': 83, 'index': 'low'}"
2026-05-17T07:30Z,2026-05-17T08:00Z,"{'forecast': 82, 'actual': 80, 'index': 'low'}"
2026-05-17T08:00Z,2026-05-17T08:30Z,"{'forecast': 87, 'actual': 75, 'index': 'low'}"
2026-05-17T08:30Z,2026-05-17T09:00Z,"{'forecast': 74, 'actual': 78, 'index': 'low'}"
2026-05-17T09:00Z,2026-05-17T09:30Z,"{'forecast': 69, 'actual': 77, 'index': 'low'}"
2026-05-17T09:30Z,2026-05-17T10:00Z,"{'forecast': 75, 'actual': 72, 'index': 'low'}"
2026-05-17T10:00Z,2026-05-17T10:30Z,"{'forecast': 70, 'actual': 71, 'index': 'low'}"
2026-05-17T10:30Z,2026-05-17T11:00Z,"{'forecast': 72, 'actual': 69, 'index': 'low'}"
2026-05-17T11:00Z,2026-05-17T11:30Z,"{'forecast': 69, 'actual': 69, 'index': 'low'}"
2026-05-17T11:30Z,2026-05-17T12:00Z,"{'forecast': 64, 'actual': 70, 'index': 'low'}"
2026-05-17T12:00Z,2026-05-17T12:30Z,"{'forecast': 66, 'actual': 71, 'index': 'low'}"
2026-05-17T12:30Z,2026-05-17T13:00Z,"{'forecast': 67, 'actual': 70, 'index': 'low'}"
2026-05-17T13:00Z,2026-05-17T13:30Z,"{'forecast': 68, 'actual': 71, 'index': 'low'}"
2026-05-17T13:30Z,2026-05-17T14:00Z,"{'forecast': 69, 'actual': 76, 'index': 'low'}"
2026-05-17T14:00Z,2026-05-17T14:30Z,"{'forecast': 68, 'actual': 80, 'index': 'low'}"
2026-05-17T14:30Z,2026-05-17T15:00Z,"{'forecast': 74, 'actual': 88, 'index': 'low'}"
2026-05-17T15:00Z,2026-05-17T15:30Z,"{'forecast': 87, 'actual': 100, 'index': 'moderate'}"
2026-05-17T15:30Z,2026-05-17T16:00Z,"{'forecast': 100, 'actual': 124, 'index': 'moderate'}"
2026-05-17T16:00Z,2026-05-17T16:30Z,"{'forecast': 115, 'actual': 140, 'index': 'moderate'}"
2026-05-17T16:30Z,2026-05-17T17:00Z,"{'forecast': 136, 'actual': 153, 'index': 'moderate'}"
2026-05-17T17:00Z,2026-05-17T17:30Z,"{'forecast': 155, 'actual': 166, 'index': 'moderate'}"
2026-05-17T17:30Z,2026-05-17T18:00Z,"{'forecast': 161, 'actual': 167, 'index': 'moderate'}"
2026-05-17T18:00Z,2026-05-17T18:30Z,"{'forecast': 178, 'actual': 171, 'index': 'high'}"
2026-05-17T18:30Z,2026-05-17T19:00Z,"{'forecast': 191, 'actual': 180, 'index': 'high'}"
2026-05-17T19:00Z,2026-05-17T19:30Z,"{'forecast': 183, 'actual': 186, 'index': 'high'}"
2026-05-17T19:30Z,2026-05-17T20:00Z,"{'forecast': 200, 'actual': 195, 'index': 'high'}"
2026-05-17T20:00Z,2026-05-17T20:30Z,"{'forecast': 202, 'actual': 197, 'index': 'high'}"
2026-05-17T20:30Z,2026-05-17T21:00Z,"{'forecast': 206, 'actual': 195, 'index': 'high'}"
2026-05-17T21:00Z,2026-05-17T21:30Z,"{'forecast': 209, 'actual': 195, 'index': 'high'}"
2026-05-17T21:30Z,2026-05-17T22:00Z,"{'forecast': 202, 'actual': 195, 'index': 'high'}"
2026-05-17T22:00Z,2026-05-17T22:30Z,"{'forecast': 195, 'actual': 199, 'index': 'high'}"
2026-05-17T22:30Z,2026-05-17T23:00Z,"{'forecast': 198, 'actual': 200, 'index': 'high'}"
2026-05-17T23:00Z,2026-05-17T23:30Z,"{'forecast': 196, 'actual': 198, 'index': 'high'}"
2026-05-17T23:30Z,2026-05-18T00:00Z,"{'forecast': 193, 'actual': 196, 'index': 'high'}"
2026-05-18T00:00Z,2026-05-18T00:30Z,"{'forecast': 202, 'actual': 202, 'index': 'high'}"
2026-05-18T00:30Z,2026-05-18T01:00Z,"{'forecast': 205, 'actual': 201, 'index': 'high'}"
2026-05-18T01:00Z,2026-05-18T01:30Z,"{'forecast': 206, 'actual': 197, 'index': 'high'}"
2026-05-18T01:30Z,2026-05-18T02:00Z,"{'forecast': 208, 'actual': 200, 'index': 'high'}"
2026-05-18T02:00Z,2026-05-18T02:30Z,"{'forecast': 204, 'actual': 201, 'index': 'high'}"
2026-05-18T02:30Z,2026-05-18T03:00Z,"{'forecast': 196, 'actual': 200, 'index': 'high'}"
2026-05-18T03:00Z,2026-05-18T03:30Z,"{'forecast': 191, 'actual': 204, 'index': 'high'}"
2026-05-18T03:30Z,2026-05-18T04:00Z,"{'forecast': 198, 'actual': 217, 'index': 'high'}"
2026-05-18T04:00Z,2026-05-18T04:30Z,"{'forecast': 211, 'actual': 221, 'index': 'high'}"
2026-05-18T04:30Z,2026-05-18T05:00Z,"{'forecast': 230, 'actual': 226, 'index': 'high'}"
2026-05-18T05:00Z,2026-05-18T05:30Z,"{'forecast': 236, 'actual': 223, 'index': 'high'}"
2026-05-18T05:30Z,2026-05-18T06:00Z,"{'forecast': 237, 'actual': 218, 'index': 'high'}"
2026-05-18T06:00Z,2026-05-18T06:30Z,"{'forecast': 229, 'actual': 213, 'index': 'high'}"
2026-05-18T06:30Z,2026-05-18T07:00Z,"{'forecast': 226, 'actual': 211, 'index': 'high'}"
2026-05-18T07:00Z,2026-05-18T07:30Z,"{'forecast': 219, 'actual': 204, 'index': 'high'}"
2026-05-18T07:30Z,2026-05-18T08:00Z,"{'forecast': 217, 'actual': 200, 'index': 'high'}"
2026-05-18T08:00Z,2026-05-18T08:30Z,"{'forecast': 205, 'actual': 194, 'index': 'high'}"
2026-05-18T08:30Z,2026-05-18T09:00Z,"{'forecast': 199, 'actual': 190, 'index': 'high'}"
2026-05-18T09:00Z,2026-05-18T09:30Z,"{'forecast': 192, 'actual': 188, 'index': 'high'}"
2026-05-18T09:30Z,2026-05-18T10:00Z,"{'forecast': 185, 'actual': 184, 'index': 'high'}"
2026-05-18T10:00Z,2026-05-18T10:30Z,"{'forecast': 185, 'actual': 177, 'index': 'high'}"
2026-05-18T10:30Z,2026-05-18T11:00Z,"{'forecast': 183, 'actual': 172, 'index': 'high'}"
2026-05-18T11:00Z,2026-05-18T11:30Z,"{'forecast': 175, 'actual': 166, 'index': 'moderate'}"
2026-05-18T11:30Z,2026-05-18T12:00Z,"{'forecast': 170, 'actual': 162, 'index': 'moderate'}"
2026-05-18T12:00Z,2026-05-18T12:30Z,"{'forecast': 166, 'actual': 157, 'index': 'moderate'}"
2026-05-18T12:30Z,2026-05-18T13:00Z,"{'forecast': 162, 'actual': 155, 'index': 'moderate'}"
2026-05-18T13:00Z,2026-05-18T13:30Z,"{'forecast': 161, 'actual': 154, 'index': 'moderate'}"
2026-05-18T13:30Z,2026-05-18T14:00Z,"{'forecast': 156, 'actual': 148, 'index': 'moderate'}"
2026-05-18T14:00Z,2026-05-18T14:30Z,"{'forecast': 156, 'actual': 148, 'index': 'moderate'}"
2026-05-18T14:30Z,2026-05-18T15:00Z,"{'forecast': 153, 'actual': 154, 'index': 'moderate'}"
2026-05-18T15:00Z,2026-05-18T15:30Z,"{'forecast': 150, 'actual': 161, 'index': 'moderate'}"
2026-05-18T15:30Z,2026-05-18T16:00Z,"{'forecast': 147, 'actual': 165, 'index': 'moderate'}"
2026-05-18T16:00Z,2026-05-18T16:30Z,"{'forecast': 158, 'actual': 170, 'index': 'high'}"
2026-05-18T16:30Z,2026-05-18T17:00Z,"{'forecast': 168, 'actual': 167, 'index': 'moderate'}"
2026-05-18T17:00Z,2026-05-18T17:30Z,"{'forecast': 175, 'actual': 167, 'index': 'moderate'}"
2026-05-18T17:30Z,2026-05-18T18:00Z,"{'forecast': 172, 'actual': 169, 'index': 'moderate'}"
2026-05-18T18:00Z,2026-05-18T18:30Z,"{'forecast': 176, 'actual': 167, 'index': 'moderate'}"
2026-05-18T18:30Z,2026-05-18T19:00Z,"{'forecast': 174, 'actual': 172, 'index': 'high'}"
2026-05-18T19:00Z,2026-05-18T19:30Z,"{'forecast': 171, 'actual': 173, 'index': 'high'}"
2026-05-18T19:30Z,2026-05-18T20:00Z,"{'forecast': 181, 'actual': 176, 'index': 'high'}"
2026-05-18T20:00Z,2026-05-18T20:30Z,"{'forecast': 173, 'actual': 169, 'index': 'moderate'}"
2026-05-18T20:30Z,2026-05-18T21:00Z,"{'forecast': 177, 'actual': 148, 'index': 'moderate'}"
2026-05-18T21:00Z,2026-05-18T21:30Z,"{'forecast': 161, 'actual': 123, 'index': 'moderate'}"
2026-05-18T21:30Z,2026-05-18T22:00Z,"{'forecast': 129, 'actual': 96, 'index': 'moderate'}"
2026-05-18T22:00Z,2026-05-18T22:30Z,"{'forecast': 117, 'actual': 81, 'index': 'low'}"
2026-05-18T22:30Z,2026-05-18T23:00Z,"{'forecast': 93, 'actual': 73, 'index': 'low'}"
2026-05-18T23:00Z,2026-05-18T23:30Z,"{'forecast': 88, 'actual': 65, 'index': 'low'}"
2026-05-18T23:30Z,2026-05-19T00:00Z,"{'forecast': 79, 'actual': 60, 'index': 'low'}"
2026-05-19T00:00Z,2026-05-19T00:30Z,"{'forecast': 63, 'actual': 61, 'index': 'low'}"
2026-05-19T00:30Z,2026-05-19T01:00Z,"{'forecast': 54, 'actual': 56, 'index': 'low'}"
2026-05-19T01:00Z,2026-05-19T01:30Z,"{'forecast': 58, 'actual': 53, 'index': 'low'}"
2026-05-19T01:30Z,2026-05-19T02:00Z,"{'forecast': 53, 'actual': 54, 'index': 'low'}"
2026-05-19T02:00Z,2026-05-19T02:30Z,"{'forecast': 51, 'actual': 52, 'index': 'low'}"
2026-05-19T02:30Z,2026-05-19T03:00Z,"{'forecast': 49, 'actual': 50, 'index': 'low'}"
2026-05-19T03:00Z,2026-05-19T03:30Z,"{'forecast': 47, 'actual': 51, 'index': 'low'}"
2026-05-19T03:30Z,2026-05-19T04:00Z,"{'forecast': 46, 'actual': 52, 'index': 'low'}"
2026-05-19T04:00Z,2026-05-19T04:30Z,"{'forecast': 46, 'actual': 56, 'index': 'low'}"
2026-05-19T04:30Z,2026-05-19T05:00Z,"{'forecast': 49, 'actual': 66, 'index': 'low'}"
2026-05-19T05:00Z,2026-05-19T05:30Z,"{'forecast': 52, 'actual': 75, 'index': 'low'}"
2026-05-19T05:30Z,2026-05-19T06:00Z,"{'forecast': 59, 'actual': 71, 'index': 'low'}"
2026-05-19T06:00Z,2026-05-19T06:30Z,"{'forecast': 64, 'actual': 73, 'index': 'low'}"
2026-05-19T06:30Z,2026-05-19T07:00Z,"{'forecast': 63, 'actual': 73, 'index': 'low'}"
2026-05-19T07:00Z,2026-05-19T07:30Z,"{'forecast': 63, 'actual': 69, 'index': 'low'}"
2026-05-19T07:30Z,2026-05-19T08:00Z,"{'forecast': 67, 'actual': 67, 'index': 'low'}"
2026-05-19T08:00Z,2026-05-19T08:30Z,"{'forecast': 65, 'actual': 66, 'index': 'low'}"
2026-05-19T08:30Z,2026-05-19T09:00Z,"{'forecast': 65, 'actual': 63, 'index': 'low'}"
2026-05-19T09:00Z,2026-05-19T09:30Z,"{'forecast': 66, 'actual': 60, 'index': 'low'}"
2026-05-19T09:30Z,2026-05-19T10:00Z,"{'forecast': 58, 'actual': 58, 'index': 'low'}"
2026-05-19T10:00Z,2026-05-19T10:30Z,"{'forecast': 60, 'actual': 61, 'index': 'low'}"
2026-05-19T10:30Z,2026-05-19T11:00Z,"{'forecast': 56, 'actual': 59, 'index': 'low'}"
2026-05-19T11:00Z,2026-05-19T11:30Z,"{'forecast': 57, 'actual': 53, 'index': 'low'}"
2026-05-19T11:30Z,2026-05-19T12:00Z,"{'forecast': 57, 'actual': 53, 'index': 'low'}"
2026-05-19T12:00Z,2026-05-19T12:30Z,"{'forecast': 49, 'actual': 53, 'index': 'low'}"
2026-05-19T12:30Z,2026-05-19T13:00Z,"{'forecast': 48, 'actual': 49, 'index': 'low'}"
2026-05-19T13:00Z,2026-05-19T13:30Z,"{'forecast': 45, 'actual': 49, 'index': 'low'}"
2026-05-19T13:30Z,2026-05-19T14:00Z,"{'forecast': 40, 'actual': 44, 'index': 'low'}"
2026-05-19T14:00Z,2026-05-19T14:30Z,"{'forecast': 41, 'actual': 47, 'index': 'low'}"
2026-05-19T14:30Z,2026-05-19T15:00Z,"{'forecast': 43, 'actual': 52, 'index': 'low'}"
2026-05-19T15:00Z,2026-05-19T15:30Z,"{'forecast': 44, 'actual': 55, 'index': 'low'}"
2026-05-19T15:30Z,2026-05-19T16:00Z,"{'forecast': 50, 'actual': 66, 'index': 'low'}"
2026-05-19T16:00Z,2026-05-19T16:30Z,"{'forecast': 54, 'actual': 75, 'index': 'low'}"
2026-05-19T16:30Z,2026-05-19T17:00Z,"{'forecast': 61, 'actual': 76, 'index': 'low'}"
2026-05-19T17:00Z,2026-05-19T17:30Z,"{'forecast': 69, 'actual': 82, 'index': 'low'}"
2026-05-19T17:30Z,2026-05-19T18:00Z,"{'forecast': 75, 'actual': 85, 'index': 'low'}"
2026-05-19T18:00Z,2026-05-19T18:30Z,"{'forecast': 79, 'actual': 87, 'index': 'low'}"
2026-05-19T18:30Z,2026-05-19T19:00Z,"{'forecast': 80, 'actual': 89, 'index': 'low'}"
2026-05-19T19:00Z,2026-05-19T19:30Z,"{'forecast': 81, 'actual': 91, 'index': 'moderate'}"
2026-05-19T19:30Z,2026-05-19T20:00Z,"{'forecast': 85, 'actual': 88, 'index': 'low'}"
2026-05-19T20:00Z,2026-05-19T20:30Z,"{'forecast': 89, 'actual': 80, 'index': 'low'}"
2026-05-19T20:30Z,2026-05-19T21:00Z,"{'forecast': 88, 'actual': 75, 'index': 'low'}"
2026-05-19T21:00Z,2026-05-19T21:30Z,"{'forecast': 79, 'actual': 68, 'index': 'low'}"
2026-05-19T21:30Z,2026-05-19T22:00Z,"{'forecast': 74, 'actual': 65, 'index': 'low'}"
2026-05-19T22:00Z,2026-05-19T22:30Z,"{'forecast': 70, 'actual': 59, 'index': 'low'}"
2026-05-19T22:30Z,2026-05-19T23:00Z,"{'forecast': 65, 'actual': 59, 'index': 'low'}"
2026-05-19T23:00Z,2026-05-19T23:30Z,"{'forecast': 66, 'actual': 58, 'index': 'low'}"
2026-05-19T23:30Z,2026-05-20T00:00Z,"{'forecast': 68, 'actual': 57, 'index': 'low'}"
2026-05-20T00:00Z,2026-05-20T00:30Z,"{'forecast': 58, 'actual': 56, 'index': 'low'}"
2026-05-20T00:30Z,2026-05-20T01:00Z,"{'forecast': 58, 'actual': 57, 'index': 'low'}"
2026-05-20T01:00Z,2026-05-20T01:30Z,"{'forecast': 60, 'actual': 57, 'index': 'low'}"
2026-05-20T01:30Z,2026-05-20T02:00Z,"{'forecast': 58, 'actual': 55, 'index': 'low'}"
2026-05-20T02:00Z,2026-05-20T02:30Z,"{'forecast': 57, 'actual': 54, 'index': 'low'}"
2026-05-20T02:30Z,2026-05-20T03:00Z,"{'forecast': 54, 'actual': 52, 'index': 'low'}"
2026-05-20T03:00Z,2026-05-20T03:30Z,"{'forecast': 53, 'actual': 51, 'index': 'low'}"
2026-05-20T03:30Z,2026-05-20T04:00Z,"{'forecast': 54, 'actual': 54, 'index': 'low'}"
2026-05-20T04:00Z,2026-05-20T04:30Z,"{'forecast': 52, 'actual': 59, 'index': 'low'}"
2026-05-20T04:30Z,2026-05-20T05:00Z,"{'forecast': 52, 'actual': 56, 'index': 'low'}"
2026-05-20T05:00Z,2026-05-20T05:30Z,"{'forecast': 56, 'actual': 67, 'index': 'low'}"
2026-05-20T05:30Z,2026-05-20T06:00Z,"{'forecast': 56, 'actual': 77, 'index': 'low'}"
2026-05-20T06:00Z,2026-05-20T06:30Z,"{'forecast': 54, 'actual': 79, 'index': 'low'}"
2026-05-20T06:30Z,2026-05-20T07:00Z,"{'forecast': 64, 'actual': 75, 'index': 'low'}"
2026-05-20T07:00Z,2026-05-20T07:30Z,"{'forecast': 62, 'actual': 70, 'index': 'low'}"
2026-05-20T07:30Z,2026-05-20T08:00Z,"{'forecast': 57, 'actual': 65, 'index': 'low'}"
2026-05-20T08:00Z,2026-05-20T08:30Z,"{'forecast': 57, 'actual': 60, 'index': 'low'}"
2026-05-20T08:30Z,2026-05-20T09:00Z,"{'forecast': 52, 'actual': 64, 'index': 'low'}"
2026-05-20T09:00Z,2026-05-20T09:30Z,"{'forecast': 53, 'actual': 55, 'index': 'low'}"
2026-05-20T09:30Z,2026-05-20T10:00Z,"{'forecast': 51, 'actual': 55, 'index': 'low'}"
2026-05-20T10:00Z,2026-05-20T10:30Z,"{'forecast': 49, 'actual': 56, 'index': 'low'}"
2026-05-20T10:30Z,2026-05-20T11:00Z,"{'forecast': 52, 'actual': 56, 'index': 'low'}"
2026-05-20T11:00Z,2026-05-20T11:30Z,"{'forecast': 52, 'actual': 56, 'index': 'low'}"
2026-05-20T11:30Z,2026-05-20T12:00Z,"{'forecast': 53, 'actual': 59, 'index': 'low'}"
2026-05-20T12:00Z,2026-05-20T12:30Z,"{'forecast': 53, 'actual': 60, 'index': 'low'}"
2026-05-20T12:30Z,2026-05-20T13:00Z,"{'forecast': 54, 'actual': 60, 'index': 'low'}"
2026-05-20T13:00Z,2026-05-20T13:30Z,"{'forecast': 53, 'actual': 64, 'index': 'low'}"
2026-05-20T13:30Z,2026-05-20T14:00Z,"{'forecast': 53, 'actual': 65, 'index': 'low'}"
2026-05-20T14:00Z,2026-05-20T14:30Z,"{'forecast': 53, 'actual': 68, 'index': 'low'}"
2026-05-20T14:30Z,2026-05-20T15:00Z,"{'forecast': 54, 'actual': 74, 'index': 'low'}"
2026-05-20T15:00Z,2026-05-20T15:30Z,"{'forecast': 58, 'actual': 82, 'index': 'low'}"
2026-05-20T15:30Z,2026-05-20T16:00Z,"{'forecast': 60, 'actual': 91, 'index': 'moderate'}"
2026-05-20T16:00Z,2026-05-20T16:30Z,"{'forecast': 62, 'actual': 103, 'index': 'moderate'}"
2026-05-20T16:30Z,2026-05-20T17:00Z,"{'forecast': 64, 'actual': 107, 'index': 'moderate'}"
2026-05-20T17:00Z,2026-05-20T17:30Z,"{'forecast': 70, 'actual': 114, 'index': 'moderate'}"
2026-05-20T17:30Z,2026-05-20T18:00Z,"{'forecast': 75, 'actual': 121, 'index': 'moderate'}"
2026-05-20T18:00Z,2026-05-20T18:30Z,"{'forecast': 82, 'actual': 127, 'index': 'moderate'}"
2026-05-20T18:30Z,2026-05-20T19:00Z,"{'forecast': 89, 'actual': 132, 'index': 'moderate'}"
2026-05-20T19:00Z,2026-05-20T19:30Z,"{'forecast': 107, 'actual': 136, 'index': 'moderate'}"
2026-05-20T19:30Z,2026-05-20T20:00Z,"{'forecast': 113, 'actual': 142, 'index': 'moderate'}"
2026-05-20T20:00Z,2026-05-20T20:30Z,"{'forecast': 116, 'actual': 139, 'index': 'moderate'}"
2026-05-20T20:30Z,2026-05-20T21:00Z,"{'forecast': 123, 'actual': 140, 'index': 'moderate'}"
2026-05-20T21:00Z,2026-05-20T21:30Z,"{'forecast': 123, 'actual': 129, 'index': 'moderate'}"
2026-05-20T21:30Z,2026-05-20T22:00Z,"{'forecast': 114, 'actual': 112, 'index': 'moderate'}"
2026-05-20T22:00Z,2026-05-20T22:30Z,"{'forecast': 111, 'actual': 110, 'index': 'moderate'}"
2026-05-20T22:30Z,2026-05-20T23:00Z,"{'forecast': 104, 'actual': 114, 'index': 'moderate'}"
2026-05-20T23:00Z,2026-05-20T23:30Z,"{'forecast': 98, 'actual': 111, 'index': 'moderate'}"
2026-05-20T23:30Z,2026-05-21T00:00Z,"{'forecast': 100, 'actual': 106, 'index': 'moderate'}"
2026-05-21T00:00Z,2026-05-21T00:30Z,"{'forecast': 100, 'actual': 104, 'index': 'moderate'}"
2026-05-21T00:30Z,2026-05-21T01:00Z,"{'forecast': 98, 'actual': 102, 'index': 'moderate'}"
2026-05-21T01:00Z,2026-05-21T01:30Z,"{'forecast': 99, 'actual': 104, 'index': 'moderate'}"
2026-05-21T01:30Z,2026-05-21T02:00Z,"{'forecast': 100, 'actual': 98, 'index': 'moderate'}"
2026-05-21T02:00Z,2026-05-21T02:30Z,"{'forecast': 100, 'actual': 93, 'index': 'moderate'}"
2026-05-21T02:30Z,2026-05-21T03:00Z,"{'forecast': 103, 'actual': 93, 'index': 'moderate'}"
2026-05-21T03:00Z,2026-05-21T03:30Z,"{'forecast': 105, 'actual': 94, 'index': 'moderate'}"
2026-05-21T03:30Z,2026-05-21T04:00Z,"{'forecast': 105, 'actual': 107, 'index': 'moderate'}"
2026-05-21T04:00Z,2026-05-21T04:30Z,"{'forecast': 111, 'actual': 115, 'index': 'moderate'}"
2026-05-21T04:30Z,2026-05-21T05:00Z,"{'forecast': 111, 'actual': 120, 'index': 'moderate'}"
2026-05-21T05:00Z,2026-05-21T05:30Z,"{'forecast': 118, 'actual': 121, 'index': 'moderate'}"
2026-05-21T05:30Z,2026-05-21T06:00Z,"{'forecast': 116, 'actual': 118, 'index': 'moderate'}"
2026-05-21T06:00Z,2026-05-21T06:30Z,"{'forecast': 115, 'actual': 124, 'index': 'moderate'}"
2026-05-21T06:30Z,2026-05-21T07:00Z,"{'forecast': 114, 'actual': 126, 'index': 'moderate'}"
2026-05-21T07:00Z,2026-05-21T07:30Z,"{'forecast': 120, 'actual': 120, 'index': 'moderate'}"
2026-05-21T07:30Z,2026-05-21T08:00Z,"{'forecast': 111, 'actual': 114, 'index': 'moderate'}"
2026-05-21T08:00Z,2026-05-21T08:30Z,"{'forecast': 123, 'actual': 104, 'index': 'moderate'}"
2026-05-21T08:30Z,2026-05-21T09:00Z,"{'forecast': 115, 'actual': 90, 'index': 'moderate'}"
2026-05-21T09:00Z,2026-05-21T09:30Z,"{'forecast': 89, 'actual': 78, 'index': 'low'}"
2026-05-21T09:30Z,2026-05-21T10:00Z,"{'forecast': 84, 'actual': 67, 'index': 'low'}"
2026-05-21T10:00Z,2026-05-21T10:30Z,"{'forecast': 66, 'actual': 62, 'index': 'low'}"
2026-05-21T10:30Z,2026-05-21T11:00Z,"{'forecast': 63, 'actual': 60, 'index': 'low'}"
2026-05-21T11:00Z,2026-05-21T11:30Z,"{'forecast': 59, 'actual': 58, 'index': 'low'}"
2026-05-21T11:30Z,2026-05-21T12:00Z,"{'forecast': 59, 'actual': 57, 'index': 'low'}"
2026-05-21T12:00Z,2026-05-21T12:30Z,"{'forecast': 56, 'actual': 56, 'index': 'low'}"
2026-05-21T12:30Z,2026-05-21T13:00Z,"{'forecast': 57, 'actual': 60, 'index': 'low'}"
2026-05-21T13:00Z,2026-05-21T13:30Z,"{'forecast': 48, 'actual': 63, 'index': 'low'}"
2026-05-21T13:30Z,2026-05-21T14:00Z,"{'forecast': 42, 'actual': 60, 'index': 'low'}"
2026-05-21T14:00Z,2026-05-21T14:30Z,"{'forecast': 74, 'actual': 61, 'index': 'low'}"
2026-05-21T14:30Z,2026-05-21T15:00Z,"{'forecast': 89, 'actual': 72, 'index': 'low'}"
2026-05-21T15:00Z,2026-05-21T15:30Z,"{'forecast': 55, 'actual': 86, 'index': 'low'}"
2026-05-21T15:30Z,2026-05-21T16:00Z,"{'forecast': 73, 'actual': 105, 'index': 'moderate'}"
2026-05-21T16:00Z,2026-05-21T16:30Z,"{'forecast': 89, 'actual': 127, 'index': 'moderate'}"
2026-05-21T16:30Z,2026-05-21T17:00Z,"{'forecast': 103, 'actual': 140, 'index': 'moderate'}"
2026-05-21T17:00Z,2026-05-21T17:30Z,"{'forecast': 140, 'actual': 153, 'index': 'moderate'}"
2026-05-21T17:30Z,2026-05-21T18:00Z,"{'forecast': 158, 'actual': 166, 'index': 'moderate'}"
2026-05-21T18:00Z,2026-05-21T18:30Z,"{'forecast': 167, 'actual': 177, 'index': 'high'}"
2026-05-21T18:30Z,2026-05-21T19:00Z,"{'forecast': 188, 'actual': 183, 'index': 'high'}"
2026-05-21T19:00Z,2026-05-21T19:30Z,"{'forecast': 196, 'actual': 187, 'index': 'high'}"
2026-05-21T19:30Z,2026-05-21T20:00Z,"{'forecast': 202, 'actual': 191, 'index': 'high'}"
2026-05-21T20:00Z,2026-05-21T20:30Z,"{'forecast': 198, 'actual': 188, 'index': 'high'}"
2026-05-21T20:30Z,2026-05-21T21:00Z,"{'forecast': 198, 'actual': 189, 'index': 'high'}"
2026-05-21T21:00Z,2026-05-21T21:30Z,"{'forecast': 195, 'actual': 182, 'index': 'high'}"
2026-05-21T21:30Z,2026-05-21T22:00Z,"{'forecast': 191, 'actual': 177, 'index': 'high'}"
2026-05-21T22:00Z,2026-05-21T22:30Z,"{'forecast': 185, 'actual': 169, 'index': 'moderate'}"
2026-05-21T22:30Z,2026-05-21T23:00Z,"{'forecast': 181, 'actual': 162, 'index': 'moderate'}"
2026-05-21T23:00Z,2026-05-21T23:30Z,"{'forecast': 164, 'actual': 157, 'index': 'moderate'}"
2026-05-21T23:30Z,2026-05-22T00:00Z,"{'forecast': 149, 'actual': 148, 'index': 'moderate'}"
2026-05-22T00:00Z,2026-05-22T00:30Z,"{'forecast': 143, 'actual': 141, 'index': 'moderate'}"
2026-05-22T00:30Z,2026-05-22T01:00Z,"{'forecast': 130, 'actual': 136, 'index': 'moderate'}"
2026-05-22T01:00Z,2026-05-22T01:30Z,"{'forecast': 129, 'actual': 138, 'index': 'moderate'}"
2026-05-22T01:30Z,2026-05-22T02:00Z,"{'forecast': 110, 'actual': 141, 'index': 'moderate'}"
2026-05-22T02:00Z,2026-05-22T02:30Z,"{'forecast': 122, 'actual': 142, 'index': 'moderate'}"
2026-05-22T02:30Z,2026-05-22T03:00Z,"{'forecast': 108, 'actual': 139, 'index': 'moderate'}"
2026-05-22T03:00Z,2026-05-22T03:30Z,"{'forecast': 138, 'actual': 131, 'index': 'moderate'}"
2026-05-22T03:30Z,2026-05-22T04:00Z,"{'forecast': 133, 'actual': 127, 'index': 'moderate'}"
2026-05-22T04:00Z,2026-05-22T04:30Z,"{'forecast': 134, 'actual': 124, 'index': 'moderate'}"
2026-05-22T04:30Z,2026-05-22T05:00Z,"{'forecast': 132, 'actual': 122, 'index': 'moderate'}"
2026-05-22T05:00Z,2026-05-22T05:30Z,"{'forecast': 126, 'actual': 122, 'index': 'moderate'}"
2026-05-22T05:30Z,2026-05-22T06:00Z,"{'forecast': 129, 'actual': 110, 'index': 'moderate'}"
2026-05-22T06:00Z,2026-05-22T06:30Z,"{'forecast': 116, 'actual': 107, 'index': 'moderate'}"
2026-05-22T06:30Z,2026-05-22T07:00Z,"{'forecast': 118, 'actual': 99, 'index': 'moderate'}"
2026-05-22T07:00Z,2026-05-22T07:30Z,"{'forecast': 91, 'actual': 93, 'index': 'moderate'}"
2026-05-22T07:30Z,2026-05-22T08:00Z,"{'forecast': 76, 'actual': 80, 'index': 'low'}"
2026-05-22T08:00Z,2026-05-22T08:30Z,"{'forecast': 69, 'actual': 71, 'index': 'low'}"
2026-05-22T08:30Z,2026-05-22T09:00Z,"{'forecast': 66, 'actual': 68, 'index': 'low'}"
2026-05-22T09:00Z,2026-05-22T09:30Z,"{'forecast': 65, 'actual': 68, 'index': 'low'}"
2026-05-22T09:30Z,2026-05-22T10:00Z,"{'forecast': 62, 'actual': 65, 'index': 'low'}"
2026-05-22T10:00Z,2026-05-22T10:30Z,"{'forecast': 57, 'actual': 59, 'index': 'low'}"
2026-05-22T10:30Z,2026-05-22T11:00Z,"{'forecast': 56, 'actual': 57, 'index': 'low'}"
2026-05-22T11:00Z,2026-05-22T11:30Z,"{'forecast': 52, 'actual': 57, 'index': 'low'}"
2026-05-22T11:30Z,2026-05-22T12:00Z,"{'forecast': 51, 'actual': 54, 'index': 'low'}"
2026-05-22T12:00Z,2026-05-22T12:30Z,"{'forecast': 51, 'actual': 53, 'index': 'low'}"
2026-05-22T12:30Z,2026-05-22T13:00Z,"{'forecast': 50, 'actual': 50, 'index': 'low'}"
2026-05-22T13:00Z,2026-05-22T13:30Z,"{'forecast': 51, 'actual': 51, 'index': 'low'}"
2026-05-22T13:30Z,2026-05-22T14:00Z,"{'forecast': 51, 'actual': 49, 'index': 'low'}"
2026-05-22T14:00Z,2026-05-22T14:30Z,"{'forecast': 52, 'actual': 51, 'index': 'low'}"
2026-05-22T14:30Z,2026-05-22T15:00Z,"{'forecast': 53, 'actual': 55, 'index': 'low'}"
2026-05-22T15:00Z,2026-05-22T15:30Z,"{'forecast': 43, 'actual': 66, 'index': 'low'}"
2026-05-22T15:30Z,2026-05-22T16:00Z,"{'forecast': 42, 'actual': 75, 'index': 'low'}"
2026-05-22T16:00Z,2026-05-22T16:30Z,"{'forecast': 53, 'actual': 96, 'index': 'moderate'}"
2026-05-22T16:30Z,2026-05-22T17:00Z,"{'forecast': 60, 'actual': 118, 'index': 'moderate'}"
2026-05-22T17:00Z,2026-05-22T17:30Z,"{'forecast': 127, 'actual': 127, 'index': 'moderate'}"
2026-05-22T17:30Z,2026-05-22T18:00Z,"{'forecast': 144, 'actual': 136, 'index': 'moderate'}"
2026-05-22T18:00Z,2026-05-22T18:30Z,"{'forecast': 129, 'actual': 144, 'index': 'moderate'}"
2026-05-22T18:30Z,2026-05-22T19:00Z,"{'forecast': 137, 'actual': 152, 'index': 'moderate'}"
2026-05-22T19:00Z,2026-05-22T19:30Z,"{'forecast': 150, 'actual': 156, 'index': 'moderate'}"
2026-05-22T19:30Z,2026-05-22T20:00Z,"{'forecast': 155, 'actual': 154, 'index': 'moderate'}"
2026-05-22T20:00Z,2026-05-22T20:30Z,"{'forecast': 163, 'actual': 153, 'index': 'moderate'}"
2026-05-22T20:30Z,2026-05-22T21:00Z,"{'forecast': 161, 'actual': 146, 'index': 'moderate'}"
2026-05-22T21:00Z,2026-05-22T21:30Z,"{'forecast': 154, 'actual': 142, 'index': 'moderate'}"
2026-05-22T21:30Z,2026-05-22T22:00Z,"{'forecast': 138, 'actual': 124, 'index': 'moderate'}"
2026-05-22T22:00Z,2026-05-22T22:30Z,"{'forecast': 131, 'actual': 113, 'index': 'moderate'}"
2026-05-22T22:30Z,2026-05-22T23:00Z,"{'forecast': 121, 'actual': 104, 'index': 'moderate'}"
2026-05-22T23:00Z,2026-05-22T23:30Z,"{'forecast': 117, 'actual': 96, 'index': 'moderate'}"
2026-05-22T23:30Z,2026-05-23T00:00Z,"{'forecast': 111, 'actual': 96, 'index': 'moderate'}"
2026-05-23T00:00Z,2026-05-23T00:30Z,"{'forecast': 98, 'actual': 94, 'index': 'moderate'}"
2026-05-23T00:30Z,2026-05-23T01:00Z,"{'forecast': 99, 'actual': 99, 'index': 'moderate'}"
2026-05-23T01:00Z,2026-05-23T01:30Z,"{'forecast': 90, 'actual': 103, 'index': 'moderate'}"
2026-05-23T01:30Z,2026-05-23T02:00Z,"{'forecast': 84, 'actual': 91, 'index': 'moderate'}"
2026-05-23T02:00Z,2026-05-23T02:30Z,"{'forecast': 105, 'actual': 101, 'index': 'moderate'}"
2026-05-23T02:30Z,2026-05-23T03:00Z,"{'forecast': 105, 'actual': 101, 'index': 'moderate'}"
2026-05-23T03:00Z,2026-05-23T03:30Z,"{'forecast': 96, 'actual': 93, 'index': 'moderate'}"
2026-05-23T03:30Z,2026-05-23T04:00Z,"{'forecast': 98, 'actual': 106, 'index': 'moderate'}"
2026-05-23T04:00Z,2026-05-23T04:30Z,"{'forecast': 95, 'actual': 107, 'index': 'moderate'}"
2026-05-23T04:30Z,2026-05-23T05:00Z,"{'forecast': 97, 'actual': 118, 'index': 'moderate'}"
2026-05-23T05:00Z,2026-05-23T05:30Z,"{'forecast': 112, 'actual': 124, 'index': 'moderate'}"
2026-05-23T05:30Z,2026-05-23T06:00Z,"{'forecast': 112, 'actual': 118, 'index': 'moderate'}"
2026-05-23T06:00Z,2026-05-23T06:30Z,"{'forecast': 126, 'actual': 117, 'index': 'moderate'}"
2026-05-23T06:30Z,2026-05-23T07:00Z,"{'forecast': 113, 'actual': 118, 'index': 'moderate'}"
2026-05-23T07:00Z,2026-05-23T07:30Z,"{'forecast': 99, 'actual': 111, 'index': 'moderate'}"
2026-05-23T07:30Z,2026-05-23T08:00Z,"{'forecast': 84, 'actual': 105, 'index': 'moderate'}"
2026-05-23T08:00Z,2026-05-23T08:30Z,"{'forecast': 99, 'actual': 97, 'index': 'moderate'}"
2026-05-23T08:30Z,2026-05-23T09:00Z,"{'forecast': 92, 'actual': 87, 'index': 'low'}"
2026-05-23T09:00Z,2026-05-23T09:30Z,"{'forecast': 92, 'actual': 73, 'index': 'low'}"
2026-05-23T09:30Z,2026-05-23T10:00Z,"{'forecast': 87, 'actual': 68, 'index': 'low'}"
2026-05-23T10:00Z,2026-05-23T10:30Z,"{'forecast': 69, 'actual': 65, 'index': 'low'}"
2026-05-23T10:30Z,2026-05-23T11:00Z,"{'forecast': 66, 'actual': 63, 'index': 'low'}"
2026-05-23T11:00Z,2026-05-23T11:30Z,"{'forecast': 59, 'actual': 65, 'index': 'low'}"
2026-05-23T11:30Z,2026-05-23T12:00Z,"{'forecast': 61, 'actual': 61, 'index': 'low'}"
2026-05-23T12:00Z,2026-05-23T12:30Z,"{'forecast': 59, 'actual': 59, 'index': 'low'}"
2026-05-23T12:30Z,2026-05-23T13:00Z,"{'forecast': 57, 'actual': 63, 'index': 'low'}"
2026-05-23T13:00Z,2026-05-23T13:30Z,"{'forecast': 54, 'actual': 63, 'index': 'low'}"
2026-05-23T13:30Z,2026-05-23T14:00Z,"{'forecast': 57, 'actual': 71, 'index': 'low'}"
2026-05-23T14:00Z,2026-05-23T14:30Z,"{'forecast': 59, 'actual': 70, 'index': 'low'}"
2026-05-23T14:30Z,2026-05-23T15:00Z,"{'forecast': 63, 'actual': 79, 'index': 'low'}"
2026-05-23T15:00Z,2026-05-23T15:30Z,"{'forecast': 71, 'actual': 89, 'index': 'low'}"
2026-05-23T15:30Z,2026-05-23T16:00Z,"{'forecast': 77, 'actual': 103, 'index': 'moderate'}"
2026-05-23T16:00Z,2026-05-23T16:30Z,"{'forecast': 91, 'actual': 122, 'index': 'moderate'}"
2026-05-23T16:30Z,2026-05-23T17:00Z,"{'forecast': 96, 'actual': 139, 'index': 'moderate'}"
2026-05-23T17:00Z,2026-05-23T17:30Z,"{'forecast': 132, 'actual': 154, 'index': 'moderate'}"
2026-05-23T17:30Z,2026-05-23T18:00Z,"{'forecast': 148, 'actual': 164, 'index': 'moderate'}"
2026-05-23T18:00Z,2026-05-23T18:30Z,"{'forecast': 159, 'actual': 180, 'index': 'high'}"
2026-05-23T18:30Z,2026-05-23T19:00Z,"{'forecast': 176, 'actual': 187, 'index': 'high'}"
2026-05-23T19:00Z,2026-05-23T19:30Z,"{'forecast': 187, 'actual': 191, 'index': 'high'}"
2026-05-23T19:30Z,2026-05-23T20:00Z,"{'forecast': 190, 'actual': 191, 'index': 'high'}"
2026-05-23T20:00Z,2026-05-23T20:30Z,"{'forecast': 200, 'actual': 191, 'index': 'high'}"
2026-05-23T20:30Z,2026-05-23T21:00Z,"{'forecast': 192, 'actual': 189, 'index': 'high'}"
2026-05-23T21:00Z,2026-05-23T21:30Z,"{'forecast': 194, 'actual': 187, 'index': 'high'}"
2026-05-23T21:30Z,2026-05-23T22:00Z,"{'forecast': 190, 'actual': 180, 'index': 'high'}"
2026-05-23T22:00Z,2026-05-23T22:30Z,"{'forecast': 187, 'actual': 177, 'index': 'high'}"
2026-05-23T22:30Z,2026-05-23T23:00Z,"{'forecast': 182, 'actual': 174, 'index': 'high'}"
2026-05-23T23:00Z,2026-05-23T23:30Z,"{'forecast': 171, 'actual': 168, 'index': 'moderate'}"
2026-05-23T23:30Z,2026-05-24T00:00Z,"{'forecast': 166, 'actual': 170, 'index': 'high'}"
2026-05-24T00:00Z,2026-05-24T00:30Z,"{'forecast': 172, 'actual': 169, 'index': 'moderate'}"
2026-05-24T00:30Z,2026-05-24T01:00Z,"{'forecast': 165, 'actual': 165, 'index': 'moderate'}"
2026-05-24T01:00Z,2026-05-24T01:30Z,"{'forecast': 166, 'actual': 164, 'index': 'moderate'}"
2026-05-24T01:30Z,2026-05-24T02:00Z,"{'forecast': 159, 'actual': 159, 'index': 'moderate'}"
2026-05-24T02:00Z,2026-05-24T02:30Z,"{'forecast': 169, 'actual': 157, 'index': 'moderate'}"
2026-05-24T02:30Z,2026-05-24T03:00Z,"{'forecast': 170, 'actual': 160, 'index': 'moderate'}"
2026-05-24T03:00Z,2026-05-24T03:30Z,"{'forecast': 160, 'actual': 160, 'index': 'moderate'}"
2026-05-24T03:30Z,2026-05-24T04:00Z,"{'forecast': 156, 'actual': 158, 'index': 'moderate'}"
2026-05-24T04:00Z,2026-05-24T04:30Z,"{'forecast': 154, 'actual': 155, 'index': 'moderate'}"
2026-05-24T04:30Z,2026-05-24T05:00Z,"{'forecast': 153, 'actual': 154, 'index': 'moderate'}"
2026-05-24T05:00Z,2026-05-24T05:30Z,"{'forecast': 156, 'actual': 151, 'index': 'moderate'}"
2026-05-24T05:30Z,2026-05-24T06:00Z,"{'forecast': 156, 'actual': 134, 'index': 'moderate'}"
2026-05-24T06:00Z,2026-05-24T06:30Z,"{'forecast': 151, 'actual': 124, 'index': 'moderate'}"
2026-05-24T06:30Z,2026-05-24T07:00Z,"{'forecast': 142, 'actual': 114, 'index': 'moderate'}"
2026-05-24T07:00Z,2026-05-24T07:30Z,"{'forecast': 114, 'actual': 104, 'index': 'moderate'}"
2026-05-24T07:30Z,2026-05-24T08:00Z,"{'forecast': 103, 'actual': 92, 'index': 'moderate'}"
2026-05-24T08:00Z,2026-05-24T08:30Z,"{'forecast': 96, 'actual': 81, 'index': 'low'}"
2026-05-24T08:30Z,2026-05-24T09:00Z,"{'forecast': 92, 'actual': 73, 'index': 'low'}"
2026-05-24T09:00Z,2026-05-24T09:30Z,"{'forecast': 74, 'actual': 70, 'index': 'low'}"
2026-05-24T09:30Z,2026-05-24T10:00Z,"{'forecast': 72, 'actual': 67, 'index': 'low'}"
2026-05-24T10:00Z,2026-05-24T10:30Z,"{'forecast': 61, 'actual': 64, 'index': 'low'}"
2026-05-24T10:30Z,2026-05-24T11:00Z,"{'forecast': 59, 'actual': 62, 'index': 'low'}"
2026-05-24T11:00Z,2026-05-24T11:30Z,"{'forecast': 59, 'actual': 59, 'index': 'low'}"
2026-05-24T11:30Z,2026-05-24T12:00Z,"{'forecast': 60, 'actual': 60, 'index': 'low'}"
2026-05-24T12:00Z,2026-05-24T12:30Z,"{'forecast': 54, 'actual': 60, 'index': 'low'}"
2026-05-24T12:30Z,2026-05-24T13:00Z,"{'forecast': 53, 'actual': 59, 'index': 'low'}"
2026-05-24T13:00Z,2026-05-24T13:30Z,"{'forecast': 56, 'actual': 56, 'index': 'low'}"
2026-05-24T13:30Z,2026-05-24T14:00Z,"{'forecast': 60, 'actual': 57, 'index': 'low'}"
2026-05-24T14:00Z,2026-05-24T14:30Z,"{'forecast': 55, 'actual': 61, 'index': 'low'}"
2026-05-24T14:30Z,2026-05-24T15:00Z,"{'forecast': 57, 'actual': 73, 'index': 'low'}"
2026-05-24T15:00Z,2026-05-24T15:30Z,"{'forecast': 55, 'actual': 90, 'index': 'moderate'}"
2026-05-24T15:30Z,2026-05-24T16:00Z,"{'forecast': 61, 'actual': 109, 'index': 'moderate'}"
2026-05-24T16:00Z,2026-05-24T16:30Z,"{'forecast': 95, 'actual': 123, 'index': 'moderate'}"
2026-05-24T16:30Z,2026-05-24T17:00Z,"{'forecast': 116, 'actual': 143, 'index': 'moderate'}"
2026-05-24T17:00Z,2026-05-24T17:30Z,"{'forecast': 129, 'actual': 162, 'index': 'moderate'}"
2026-05-24T17:30Z,2026-05-24T18:00Z,"{'forecast': 138, 'actual': 167, 'index': 'moderate'}"
2026-05-24T18:00Z,2026-05-24T18:30Z,"{'forecast': 170, 'actual': 175, 'index': 'high'}"
2026-05-24T18:30Z,2026-05-24T19:00Z,"{'forecast': 176, 'actual': 183, 'index': 'high'}"
2026-05-24T19:00Z,2026-05-24T19:30Z,"{'forecast': 184, 'actual': 192, 'index': 'high'}"
2026-05-24T19:30Z,2026-05-24T20:00Z,"{'forecast': 192, 'actual': 202, 'index': 'high'}"
2026-05-24T20:00Z,2026-05-24T20:30Z,"{'forecast': 199, 'actual': 204, 'index': 'high'}"
2026-05-24T20:30Z,2026-05-24T21:00Z,"{'forecast': 198, 'actual': 200, 'index': 'high'}"
2026-05-24T21:00Z,2026-05-24T21:30Z,"{'forecast': 208, 'actual': 189, 'index': 'high'}"
2026-05-24T21:30Z,2026-05-24T22:00Z,"{'forecast': 206, 'actual': 175, 'index': 'high'}"
2026-05-24T22:00Z,2026-05-24T22:30Z,"{'forecast': 194, 'actual': 170, 'index': 'high'}"
2026-05-24T22:30Z,2026-05-24T23:00Z,"{'forecast': 189, 'actual': 161, 'index': 'moderate'}"
2026-05-24T23:00Z,2026-05-24T23:30Z,"{'forecast': 186, 'actual': 159, 'index': 'moderate'}"
2026-05-24T23:30Z,2026-05-25T00:00Z,"{'forecast': 181, 'actual': 153, 'index': 'moderate'}"
2026-05-25T00:00Z,2026-05-25T00:30Z,"{'forecast': 166, 'actual': 150, 'index': 'moderate'}"
2026-05-25T00:30Z,2026-05-25T01:00Z,"{'forecast': 167, 'actual': 149, 'index': 'moderate'}"
2026-05-25T01:00Z,2026-05-25T01:30Z,"{'forecast': 153, 'actual': 147, 'index': 'moderate'}"
2026-05-25T01:30Z,2026-05-25T02:00Z,"{'forecast': 152, 'actual': 146, 'index': 'moderate'}"
2026-05-25T02:00Z,2026-05-25T02:30Z,"{'forecast': 149, 'actual': 144, 'index': 'moderate'}"
2026-05-25T02:30Z,2026-05-25T03:00Z,"{'forecast': 148, 'actual': 136, 'index': 'moderate'}"
2026-05-25T03:00Z,2026-05-25T03:30Z,"{'forecast': 143, 'actual': 133, 'index': 'moderate'}"
2026-05-25T03:30Z,2026-05-25T04:00Z,"{'forecast': 144, 'actual': 133, 'index': 'moderate'}"
2026-05-25T04:00Z,2026-05-25T04:30Z,"{'forecast': 137, 'actual': 132, 'index': 'moderate'}"
2026-05-25T04:30Z,2026-05-25T05:00Z,"{'forecast': 136, 'actual': 136, 'index': 'moderate'}"
2026-05-25T05:00Z,2026-05-25T05:30Z,"{'forecast': 136, 'actual': 133, 'index': 'moderate'}"
2026-05-25T05:30Z,2026-05-25T06:00Z,"{'forecast': 135, 'actual': 130, 'index': 'moderate'}"
2026-05-25T06:00Z,2026-05-25T06:30Z,"{'forecast': 131, 'actual': 123, 'index': 'moderate'}"
2026-05-25T06:30Z,2026-05-25T07:00Z,"{'forecast': 127, 'actual': 117, 'index': 'moderate'}"
2026-05-25T07:00Z,2026-05-25T07:30Z,"{'forecast': 114, 'actual': 111, 'index': 'moderate'}"
2026-05-25T07:30Z,2026-05-25T08:00Z,"{'forecast': 107, 'actual': 98, 'index': 'moderate'}"
2026-05-25T08:00Z,2026-05-25T08:30Z,"{'forecast': 101, 'actual': 90, 'index': 'moderate'}"
2026-05-25T08:30Z,2026-05-25T09:00Z,"{'forecast': 96, 'actual': 83, 'index': 'low'}"
2026-05-25T09:00Z,2026-05-25T09:30Z,"{'forecast': 79, 'actual': 76, 'index': 'low'}"
2026-05-25T09:30Z,2026-05-25T10:00Z,"{'forecast': 75, 'actual': 75, 'index': 'low'}"
2026-05-25T10:00Z,2026-05-25T10:30Z,"{'forecast': 68, 'actual': 75, 'index': 'low'}"
2026-05-25T10:30Z,2026-05-25T11:00Z,"{'forecast': 67, 'actual': 74, 'index': 'low'}"
2026-05-25T11:00Z,2026-05-25T11:30Z,"{'forecast': 71, 'actual': 77, 'index': 'low'}"
2026-05-25T11:30Z,2026-05-25T12:00Z,"{'forecast': 71, 'actual': 73, 'index': 'low'}"
2026-05-25T12:00Z,2026-05-25T12:30Z,"{'forecast': 72, 'actual': 73, 'index': 'low'}"
2026-05-25T12:30Z,2026-05-25T13:00Z,"{'forecast': 72, 'actual': 72, 'index': 'low'}"
2026-05-25T13:00Z,2026-05-25T13:30Z,"{'forecast': 70, 'actual': 76, 'index': 'low'}"
2026-05-25T13:30Z,2026-05-25T14:00Z,"{'forecast': 75, 'actual': 78, 'index': 'low'}"
2026-05-25T14:00Z,2026-05-25T14:30Z,"{'forecast': 69, 'actual': 82, 'index': 'low'}"
2026-05-25T14:30Z,2026-05-25T15:00Z,"{'forecast': 71, 'actual': 89, 'index': 'low'}"
2026-05-25T15:00Z,2026-05-25T15:30Z,"{'forecast': 94, 'actual': 106, 'index': 'moderate'}"
2026-05-25T15:30Z,2026-05-25T16:00Z,"{'forecast': 96, 'actual': 122, 'index': 'moderate'}"
2026-05-25T16:00Z,2026-05-25T16:30Z,"{'forecast': 112, 'actual': 134, 'index': 'moderate'}"
2026-05-25T16:30Z,2026-05-25T17:00Z,"{'forecast': 138, 'actual': 142, 'index': 'moderate'}"
2026-05-25T17:00Z,2026-05-25T17:30Z,"{'forecast': 139, 'actual': 150, 'index': 'moderate'}"
2026-05-25T17:30Z,2026-05-25T18:00Z,"{'forecast': 143, 'actual': 155, 'index': 'moderate'}"
2026-05-25T18:00Z,2026-05-25T18:30Z,"{'forecast': 151, 'actual': 165, 'index': 'moderate'}"
2026-05-25T18:30Z,2026-05-25T19:00Z,"{'forecast': 159, 'actual': 174, 'index': 'high'}"
2026-05-25T19:00Z,2026-05-25T19:30Z,"{'forecast': 164, 'actual': 177, 'index': 'high'}"
2026-05-25T19:30Z,2026-05-25T20:00Z,"{'forecast': 177, 'actual': 178, 'index': 'high'}"
2026-05-25T20:00Z,2026-05-25T20:30Z,"{'forecast': 182, 'actual': 176, 'index': 'high'}"
2026-05-25T20:30Z,2026-05-25T21:00Z,"{'forecast': 182, 'actual': 175, 'index': 'high'}"
2026-05-25T21:00Z,2026-05-25T21:30Z,"{'forecast': 176, 'actual': 173, 'index': 'high'}"
2026-05-25T21:30Z,2026-05-25T22:00Z,"{'forecast': 168, 'actual': 165, 'index': 'moderate'}"
2026-05-25T22:00Z,2026-05-25T22:30Z,"{'forecast': 170, 'actual': 162, 'index': 'moderate'}"
2026-05-25T22:30Z,2026-05-25T23:00Z,"{'forecast': 167, 'actual': 165, 'index': 'moderate'}"
2026-05-25T23:00Z,2026-05-25T23:30Z,"{'forecast': 169, 'actual': 165, 'index': 'moderate'}"
2026-05-25T23:30Z,2026-05-26T00:00Z,"{'forecast': 169, 'actual': 169, 'index': 'moderate'}"
2026-05-26T00:00Z,2026-05-26T00:30Z,"{'forecast': 175, 'actual': 166, 'index': 'moderate'}"
2026-05-26T00:30Z,2026-05-26T01:00Z,"{'forecast': 173, 'actual': 169, 'index': 'moderate'}"
2026-05-26T01:00Z,2026-05-26T01:30Z,"{'forecast': 167, 'actual': 170, 'index': 'high'}"
2026-05-26T01:30Z,2026-05-26T02:00Z,"{'forecast': 168, 'actual': 164, 'index': 'moderate'}"
2026-05-26T02:00Z,2026-05-26T02:30Z,"{'forecast': 173, 'actual': 163, 'index': 'moderate'}"
2026-05-26T02:30Z,2026-05-26T03:00Z,"{'forecast': 157, 'actual': 165, 'index': 'moderate'}"
2026-05-26T03:00Z,2026-05-26T03:30Z,"{'forecast': 157, 'actual': 165, 'index': 'moderate'}"
2026-05-26T03:30Z,2026-05-26T04:00Z,"{'forecast': 162, 'actual': 170, 'index': 'high'}"
2026-05-26T04:00Z,2026-05-26T04:30Z,"{'forecast': 173, 'actual': 174, 'index': 'high'}"
2026-05-26T04:30Z,2026-05-26T05:00Z,"{'forecast': 178, 'actual': 173, 'index': 'high'}"
2026-05-26T05:00Z,2026-05-26T05:30Z,"{'forecast': 187, 'actual': 173, 'index': 'high'}"
2026-05-26T05:30Z,2026-05-26T06:00Z,"{'forecast': 177, 'actual': 177, 'index': 'high'}"
2026-05-26T06:00Z,2026-05-26T06:30Z,"{'forecast': 184, 'actual': 170, 'index': 'high'}"
2026-05-26T06:30Z,2026-05-26T07:00Z,"{'forecast': 178, 'actual': 172, 'index': 'high'}"
2026-05-26T07:00Z,2026-05-26T07:30Z,"{'forecast': 177, 'actual': 165, 'index': 'moderate'}"
2026-05-26T07:30Z,2026-05-26T08:00Z,"{'forecast': 166, 'actual': 155, 'index': 'moderate'}"
2026-05-26T08:00Z,2026-05-26T08:30Z,"{'forecast': 168, 'actual': 148, 'index': 'moderate'}"
2026-05-26T08:30Z,2026-05-26T09:00Z,"{'forecast': 154, 'actual': 139, 'index': 'moderate'}"
2026-05-26T09:00Z,2026-05-26T09:30Z,"{'forecast': 148, 'actual': 131, 'index': 'moderate'}"
2026-05-26T09:30Z,2026-05-26T10:00Z,"{'forecast': 138, 'actual': 128, 'index': 'moderate'}"
2026-05-26T10:00Z,2026-05-26T10:30Z,"{'forecast': 127, 'actual': 126, 'index': 'moderate'}"
2026-05-26T10:30Z,2026-05-26T11:00Z,"{'forecast': 123, 'actual': 123, 'index': 'moderate'}"
2026-05-26T11:00Z,2026-05-26T11:30Z,"{'forecast': 127, 'actual': 124, 'index': 'moderate'}"
2026-05-26T11:30Z,2026-05-26T12:00Z,"{'forecast': 123, 'actual': 124, 'index': 'moderate'}"
2026-05-26T12:00Z,2026-05-26T12:30Z,"{'forecast': 118, 'actual': 124, 'index': 'moderate'}"
2026-05-26T12:30Z,2026-05-26T13:00Z,"{'forecast': 123, 'actual': 123, 'index': 'moderate'}"
2026-05-26T13:00Z,2026-05-26T13:30Z,"{'forecast': 123, 'actual': 126, 'index': 'moderate'}"
2026-05-26T13:30Z,2026-05-26T14:00Z,"{'forecast': 123, 'actual': 130, 'index': 'moderate'}"
2026-05-26T14:00Z,2026-05-26T14:30Z,"{'forecast': 128, 'actual': 132, 'index': 'moderate'}"
2026-05-26T14:30Z,2026-05-26T15:00Z,"{'forecast': 128, 'actual': 136, 'index': 'moderate'}"
2026-05-26T15:00Z,2026-05-26T15:30Z,"{'forecast': 136, 'actual': 144, 'index': 'moderate'}"
2026-05-26T15:30Z,2026-05-26T16:00Z,"{'forecast': 139, 'actual': 150, 'index': 'moderate'}"
2026-05-26T16:00Z,2026-05-26T16:30Z,"{'forecast': 149, 'actual': 153, 'index': 'moderate'}"
2026-05-26T16:30Z,2026-05-26T17:00Z,"{'forecast': 154, 'actual': 168, 'index': 'moderate'}"
2026-05-26T17:00Z,2026-05-26T17:30Z,"{'forecast': 162, 'actual': 176, 'index': 'high'}"
2026-05-26T17:30Z,2026-05-26T18:00Z,"{'forecast': 176, 'actual': 184, 'index': 'high'}"
2026-05-26T18:00Z,2026-05-26T18:30Z,"{'forecast': 182, 'actual': 187, 'index': 'high'}"
2026-05-26T18:30Z,2026-05-26T19:00Z,"{'forecast': 196, 'actual': 193, 'index': 'high'}"
2026-05-26T19:00Z,2026-05-26T19:30Z,"{'forecast': 204, 'actual': 195, 'index': 'high'}"
2026-05-26T19:30Z,2026-05-26T20:00Z,"{'forecast': 206, 'actual': 196, 'index': 'high'}"
2026-05-26T20:00Z,2026-05-26T20:30Z,"{'forecast': 210, 'actual': 202, 'index': 'high'}"
2026-05-26T20:30Z,2026-05-26T21:00Z,"{'forecast': 211, 'actual': 199, 'index': 'high'}"
2026-05-26T21:00Z,2026-05-26T21:30Z,"{'forecast': 213, 'actual': 188, 'index': 'high'}"
2026-05-26T21:30Z,2026-05-26T22:00Z,"{'forecast': 202, 'actual': 172, 'index': 'high'}"
2026-05-26T22:00Z,2026-05-26T22:30Z,"{'forecast': 191, 'actual': 158, 'index': 'moderate'}"
2026-05-26T22:30Z,2026-05-26T23:00Z,"{'forecast': 167, 'actual': 148, 'index': 'moderate'}"
2026-05-26T23:00Z,2026-05-26T23:30Z,"{'forecast': 153, 'actual': 144, 'index': 'moderate'}"
2026-05-26T23:30Z,2026-05-27T00:00Z,"{'forecast': 151, 'actual': 141, 'index': 'moderate'}"
